Title,Source,Published At,Sentiment,Sentiment Score,Sentiment Analysis,Risk Analysis
"Startup Reporter Find Latest Startup And Funding News- Best Platform For Startups Dr. AK Dwivedi Presents His New Book, Homeopathy For Anemia To Madhya Pradesh CM Dr. Mohan Yadav",Startup Reporter,2025-01-02T12:45:16Z,POSITIVE,0.9983939528465271,Sentiment: POSITIVE (confidence: 1.00),"Here is a structured analysis of the identified risks and their potential impact on the Medicine supply chain:

**Raw Material Risks**

* Availability of active pharmaceutical ingredients (APIs) and raw materials: **Low Risk** (The article does not mention any specific issues with API or raw material availability)
* Price fluctuations in key ingredients (e.g., APIs, excipients, and packaging materials): **Low Risk** (No mention of price fluctuations in the article)
* Dependency on a limited number of suppliers for essential raw materials: **Medium Risk** (Homeopathic remedies may rely on specific suppliers for rare or unique ingredients, which could lead to supply chain disruptions)
* Contamination risks in raw materials leading to safety and quality issues: **Medium Risk** (Homeopathic remedies may be more susceptible to contamination due to the use of natural ingredients, which could impact quality and safety)

**Manufacturing Risks**

* Production capacity limitations during periods of high demand: **Low Risk** (The article does not mention any specific issues with production capacity)
* Delays due to technical issues in manufacturing lines: **Low Risk** (No mention of technical issues in the article)
* Disruptions in production caused by shortages in ancillary supplies: **Low Risk** (No mention of shortages in ancillary supplies)
* Dependency on contract manufacturers that may have competing priorities: **Low Risk** (No mention of contract manufacturers in the article)

**Geographic Risks**

* Heavy reliance on manufacturing hubs concentrated in specific regions: **Low Risk** (The article does not mention any specific manufacturing hubs or regions)
* Political instability or natural disasters disrupting supply in key regions: **Low Risk** (No mention of political instability or natural disasters in the article)
* Logistical challenges in transporting temperature-sensitive products like vaccines: **Low Risk** (Homeopathic remedies are not typically temperature-sensitive)
* Regional supply-demand imbalances leading to product shortages: **Low Risk** (No mention of supply-demand imbalances in the article)

**Industry Impact**

* Shortages affecting critical healthcare systems and patient outcomes: **Medium Risk** (Homeopathic remedies may be used to treat serious illnesses, and shortages could impact patient outcomes)
* Increased costs for healthcare providers and governments due to supply chain inefficiencies: **Low Risk** (No mention of cost increases in the article)
* Negative impacts on pharmaceutical companies' reputations due to supply chain failures: **Low Risk** (No mention of pharmaceutical companies or reputation impacts)
* Competitive disadvantages if rivals secure more robust supply chains: **Low Risk** (No mention of competitors or supply chain advantages)

**Mitigation Strategies**

* Investment in alternative raw material sources and synthetic substitutes: **Not Applicable** (The article does not discuss alternative raw material sources or synthetic substitutes)
* Increasing in-house manufacturing capabilities to reduce dependence on third parties: **Not Applicable** (The article does not mention in-house manufacturing capabilities)
* Building strategic stockpiles of essential drugs, vaccines, and medical devices: **Not Applicable** (The article does not discuss stockpiling essential drugs or medical devices)
* Implementing advanced quality monitoring and predictive analytics in supply chains: **Not Applicable** (The article does not mention quality monitoring or predictive analytics)

Overall, the article does not highlight any specific risks or vulnerabilities in the medicine supply chain related to homeopathic remedies. However, there are potential risks related to raw material contamination, dependency on specific suppliers, and potential shortages affecting patient outcomes. Implementing mitigation strategies such as diversifying raw material sources, increasing in-house manufacturing capabilities, and building strategic stockpiles could help reduce these risks."
What is Giardia? What You Should Know About This Parasite (2025),Mrbsaccessories,2025-01-02T12:44:53Z,NEGATIVE,0.9732379913330078,Sentiment: NEGATIVE (confidence: 0.97),"Here is a structured analysis of the identified risks and their potential impact on the Medicine supply chain:

**Raw Material Risks**

* Availability of active pharmaceutical ingredients (APIs) and raw materials:
	+ Risk: Shortages of APIs and raw materials used to treat Giardia infections, such as metronidazole or tinidazole, could lead to supply chain disruptions.
	+ Impact: Delayed or incomplete treatment for Giardia-infected pets, potentially leading to worsened health outcomes and increased mortality rates.
* Price fluctuations in key ingredients:
	+ Risk: Fluctuations in the cost of APIs and raw materials could increase the cost of production, potentially leading to price hikes for pet owners and veterinary clinics.
	+ Impact: Reduced access to Giardia treatments for pet owners who cannot afford the increased costs, potentially leading to untreated infections and worsened health outcomes.
* Dependency on a limited number of suppliers for essential raw materials:
	+ Risk: Reliance on a single supplier or a limited number of suppliers for APIs and raw materials increases the risk of supply chain disruptions.
	+ Impact: Delays or shortages in the supply of Giardia treatments, potentially leading to untreated infections and worsened health outcomes.
* Contamination risks in raw materials leading to safety and quality issues:
	+ Risk: Contamination of APIs and raw materials could lead to safety and quality issues in Giardia treatments, potentially causing adverse reactions or ineffective treatment.
	+ Impact: Reduced confidence in the safety and efficacy of Giardia treatments, potentially leading to reduced demand and negative impacts on pharmaceutical companies' reputations.

**Manufacturing Risks**

* Production capacity limitations during periods of high demand:
	+ Risk: Insufficient manufacturing capacity to meet demand for Giardia treatments during peak infection seasons could lead to supply chain disruptions.
	+ Impact: Delayed or incomplete treatment for Giardia-infected pets, potentially leading to worsened health outcomes and increased mortality rates.
* Delays due to technical issues in manufacturing lines:
	+ Risk: Technical issues in manufacturing lines could lead to production delays, potentially causing supply chain disruptions.
	+ Impact: Delayed or incomplete treatment for Giardia-infected pets, potentially leading to worsened health outcomes and increased mortality rates.
* Disruptions in production caused by shortages in ancillary supplies:
	+ Risk: Shortages of ancillary supplies, such as packaging materials or labeling, could disrupt production and lead to supply chain disruptions.
	+ Impact: Delayed or incomplete treatment for Giardia-infected pets, potentially leading to worsened health outcomes and increased mortality rates.
* Dependency on contract manufacturers that may have competing priorities:
	+ Risk: Reliance on contract manufacturers with competing priorities could lead to production delays or supply chain disruptions.
	+ Impact: Delayed or incomplete treatment for Giardia-infected pets, potentially leading to worsened health outcomes and increased mortality rates.

**Geographic Risks**

* Heavy reliance on manufacturing hubs concentrated in specific regions:
	+ Risk: Concentration of manufacturing hubs in specific regions increases the risk of supply chain disruptions due to regional events, such as natural disasters or political instability.
	+ Impact: Delayed or incomplete treatment for Giardia-infected pets, potentially leading to worsened health outcomes and increased mortality rates.
* Political instability or natural disasters disrupting supply in key regions:
	+ Risk: Political instability or natural disasters in regions where Giardia treatments are manufactured could lead to supply chain disruptions.
	+ Impact: Delayed or incomplete treatment for Giardia-infected pets, potentially leading to worsened health outcomes and increased mortality rates.
* Logistical challenges in transporting temperature-sensitive products like vaccines:
	+ Risk: Logistical challenges in transporting temperature-sensitive products, such as vaccines used to prevent Giardia infections, could lead to supply chain disruptions.
	+ Impact: Delayed or incomplete treatment for Giardia-infected pets, potentially leading to worsened health outcomes and increased mortality rates.
* Regional supply-demand imbalances leading to product shortages:
	+ Risk: Imbalances in supply and demand for Giardia treatments in specific regions could lead to product shortages.
	+ Impact: Delayed or incomplete treatment for Giardia-infected pets, potentially leading to worsened health outcomes and increased mortality rates.

**Industry Impact**

* Shortages affecting critical healthcare systems and patient outcomes:
	+ Risk: Shortages of Giardia treatments could have a significant impact on critical healthcare systems, potentially leading to worsened health outcomes and increased mortality rates.
	+ Impact: Reduced confidence in the healthcare system, potentially leading to negative impacts on pharmaceutical companies' reputations and increased costs for healthcare providers and governments.
* Increased costs for healthcare providers and governments due to supply chain inefficiencies:
	+ Risk: Supply chain inefficiencies could lead to increased costs for healthcare providers and governments, potentially reducing access to Giardia treatments for pet owners.
	+ Impact: Reduced access to Giardia treatments, potentially leading to worsened health outcomes and increased mortality rates.
* Negative impacts on"
5 of the most frustrating health insurer tactics and why they exist,InsuranceNewsNet,2025-01-02T12:44:21Z,NEGATIVE,0.9959163069725037,Sentiment: NEGATIVE (confidence: 1.00),"Here is a structured analysis of the identified risks and their potential impact on the medicine supply chain:

**Raw Material Risks**

* Availability of active pharmaceutical ingredients (APIs) and raw materials: Potential impact on supply chain: High
	+ Risk of API shortages can lead to production delays and stockouts, affecting patient access to critical medicines.
* Price fluctuations in key ingredients: Potential impact on supply chain: Medium
	+ Unpredictable price changes can lead to increased costs for pharmaceutical companies, potentially affecting profit margins and investment in R&D.
* Dependency on a limited number of suppliers for essential raw materials: Potential impact on supply chain: High
	+ Concentration of suppliers increases the risk of supply chain disruptions due to supplier insolvency, natural disasters, or quality control issues.
* Contamination risks in raw materials leading to safety and quality issues: Potential impact on supply chain: High
	+ Contamination can lead to product recalls, damage to pharmaceutical company reputation, and potential harm to patients.

**Manufacturing Risks**

* Production capacity limitations during periods of high demand: Potential impact on supply chain: High
	+ Inability to meet demand can lead to stockouts, affecting patient access to critical medicines.
* Delays due to technical issues in manufacturing lines: Potential impact on supply chain: Medium
	+ Technical issues can lead to production downtime, affecting supply chain efficiency and potentially leading to stockouts.
* Disruptions in production caused by shortages in ancillary supplies: Potential impact on supply chain: Medium
	+ Shortages of ancillary supplies can lead to production delays and inefficiencies, affecting supply chain performance.
* Dependency on contract manufacturers that may have competing priorities: Potential impact on supply chain: High
	+ Contract manufacturers may prioritize their own products over those of pharmaceutical companies, leading to supply chain disruptions and potential stockouts.

**Geographic Risks**

* Heavy reliance on manufacturing hubs concentrated in specific regions: Potential impact on supply chain: High
	+ Concentration of manufacturing hubs increases the risk of supply chain disruptions due to natural disasters, political instability, or other regional risks.
* Political instability or natural disasters disrupting supply in key regions: Potential impact on supply chain: High
	+ Political instability or natural disasters can lead to supply chain disruptions, affecting patient access to critical medicines.
* Logistical challenges in transporting temperature-sensitive products like vaccines: Potential impact on supply chain: Medium
	+ Logistical challenges can lead to supply chain inefficiencies and potential product spoilage.
* Regional supply-demand imbalances leading to product shortages: Potential impact on supply chain: High
	+ Imbalances can lead to stockouts, affecting patient access to critical medicines.

**Industry Impact**

* Shortages affecting critical healthcare systems and patient outcomes: Potential impact on industry: High
	+ Shortages can lead to poor patient outcomes, damage to pharmaceutical company reputation, and increased healthcare costs.
* Increased costs for healthcare providers and governments due to supply chain inefficiencies: Potential impact on industry: High
	+ Supply chain inefficiencies can lead to increased costs for healthcare providers and governments, affecting the overall healthcare system.
* Negative impacts on pharmaceutical companies' reputations due to supply chain failures: Potential impact on industry: High
	+ Supply chain failures can lead to damage to pharmaceutical company reputation, affecting patient trust and loyalty.
* Competitive disadvantages if rivals secure more robust supply chains: Potential impact on industry: Medium
	+ Pharmaceutical companies with robust supply chains may gain a competitive advantage over those with less reliable supply chains.

**Mitigation Strategies**

* Investment in alternative raw material sources and synthetic substitutes: Potential impact on supply chain: Medium
	+ Diversifying raw material sources can reduce the risk of supply chain disruptions due to API shortages.
* Increasing in-house manufacturing capabilities to reduce dependence on third parties: Potential impact on supply chain: Medium
	+ In-house manufacturing can reduce the risk of supply chain disruptions due to contract manufacturer priorities.
* Building strategic stockpiles of essential drugs, vaccines, and medical devices: Potential impact on supply chain: High
	+ Stockpiling can ensure availability of critical medicines during supply chain disruptions.
* Implementing advanced quality monitoring and predictive analytics in supply chains: Potential impact on supply chain: High
	+ Advanced monitoring and analytics can help identify and mitigate supply chain risks, ensuring more reliable and efficient supply chains."
Daniel Hsia Wedding Date (2025),Tritownchamberofcommerce,2025-01-02T12:44:02Z,POSITIVE,0.9436578750610352,Sentiment: POSITIVE (confidence: 0.94),"Unfortunately, the provided article does not mention any information related to medicine supply chain risks. The article appears to be a biography of Dr. Daniel Hsia, a medical professional.

To provide a structured analysis of medicine supply chain risks, I will use a hypothetical example. Here is a sample analysis:

**Raw Material Risks**

* Risk: Unavailability of active pharmaceutical ingredients (APIs) due to supply chain disruptions.
* Impact: Delayed production and shortage of critical medicines, affecting patient care and outcomes.
* Mitigation Strategy: Diversify API suppliers, invest in alternative raw material sources, and maintain strategic stockpiles.

* Risk: Price fluctuations of key ingredients, such as excipients and packaging materials.
* Impact: Increased costs for pharmaceutical companies, potentially leading to higher prices for patients.
* Mitigation Strategy: Develop long-term contracts with suppliers, invest in price risk management strategies, and explore cost-saving alternatives.

**Manufacturing Risks**

* Risk: Production capacity limitations during periods of high demand.
* Impact: Delays in meeting patient demand, leading to stockouts and potential harm to patients.
* Mitigation Strategy: Invest in increasing manufacturing capacity, develop contingency plans for high-demand periods, and explore partnerships with contract manufacturers.

* Risk: Technical issues in manufacturing lines, leading to production delays and quality control issues.
* Impact: Delayed or compromised production, affecting patient care and outcomes.
* Mitigation Strategy: Implement regular maintenance schedules, invest in quality control measures, and develop contingency plans for technical issues.

**Geographic Risks**

* Risk: Heavy reliance on manufacturing hubs concentrated in specific regions, vulnerable to natural disasters and political instability.
* Impact: Disruptions to supply chains, leading to shortages and delayed production.
* Mitigation Strategy: Diversify manufacturing locations, invest in supply chain risk management, and develop contingency plans for regional disruptions.

* Risk: Logistical challenges in transporting temperature-sensitive products, such as vaccines.
* Impact: Compromised product quality, affecting patient safety and outcomes.
* Mitigation Strategy: Invest in cold chain logistics, develop specialized transportation solutions, and implement quality control measures.

**Industry Impact**

* Risk: Shortages affecting critical healthcare systems and patient outcomes.
* Impact: Negative impacts on patient care, outcomes, and trust in the healthcare system.
* Mitigation Strategy: Develop strategic stockpiles, invest in supply chain risk management, and collaborate with healthcare stakeholders to address shortages.

* Risk: Increased costs for healthcare providers and governments due to supply chain inefficiencies.
* Impact: Higher costs for patients, potentially limiting access to care.
* Mitigation Strategy: Implement cost-saving measures, optimize supply chain operations, and explore alternative sourcing options.

**Mitigation Strategies**

* Invest in alternative raw material sources and synthetic substitutes.
* Increase in-house manufacturing capabilities to reduce dependence on third parties.
* Build strategic stockpiles of essential drugs, vaccines, and medical devices.
* Implement advanced quality monitoring and predictive analytics in supply chains.

This analysis highlights the potential risks in the medicine supply chain, their impacts, and potential mitigation strategies. By understanding these risks, pharmaceutical companies, healthcare providers, and governments can work together to develop more resilient and efficient supply chains, ensuring that patients receive the medicines they need."
This is the one 2024 TV show I absolutely loved. Here's why you should watch it (2025),Evolution3g,2025-01-02T12:44:01Z,POSITIVE,0.9631196856498718,Sentiment: POSITIVE (confidence: 0.96),"Unfortunately, the provided article does not mention medicine or the pharmaceutical industry, and instead appears to be a review of a TV show called ""Industry"". Therefore, it is not possible to analyze the article for medicine supply chain risks.

However, I can provide a general framework for analyzing medicine supply chain risks, which can be applied to a relevant article or scenario:

**Raw Material Risks**

* Identify potential risks related to the availability, pricing, and quality of active pharmaceutical ingredients (APIs), excipients, and packaging materials.
* Analyze the impact of supply chain disruptions, such as natural disasters or political instability, on the availability of raw materials.
* Assess the risk of contamination or adulteration of raw materials and its potential impact on product quality and safety.

**Manufacturing Risks**

* Identify potential risks related to production capacity, technical issues, and supply chain disruptions that could impact manufacturing.
* Analyze the impact of delays or shortages in ancillary supplies on production schedules and product availability.
* Assess the risk of dependency on contract manufacturers and their potential competing priorities.

**Geographic Risks**

* Identify potential risks related to the concentration of manufacturing hubs in specific regions and the impact of regional supply-demand imbalances.
* Analyze the risk of political instability, natural disasters, or logistical challenges in key regions and their potential impact on supply chain disruptions.
* Assess the risk of temperature-sensitive products, such as vaccines, and the challenges of transporting them.

**Industry Impact**

* Analyze the potential impact of supply chain disruptions on critical healthcare systems, patient outcomes, and healthcare providers.
* Assess the potential financial impact of supply chain inefficiencies on healthcare providers, governments, and pharmaceutical companies.
* Identify the potential reputational risks and competitive disadvantages associated with supply chain failures.

**Mitigation Strategies**

* Identify potential strategies for mitigating supply chain risks, such as investing in alternative raw material sources, increasing in-house manufacturing capabilities, building strategic stockpiles, and implementing advanced quality monitoring and predictive analytics.

If you have a relevant article or scenario related to the medicine supply chain, I would be happy to help you analyze the risks and potential impact on the supply chain."
"5 Drinks That Make You Poop Immediately, From a Gastroenterologist (2025)",Gamebai168,2025-01-02T12:43:58Z,NEGATIVE,0.9773015379905701,Sentiment: NEGATIVE (confidence: 0.98),"Based on the provided article, I must inform you that there is no relevant information related to medicine supply chain risks. The article appears to be discussing gut health, constipation, and nutrition, with no mention of medicine supply chains or related risks.

However, I can provide a general analysis of the potential risks and their impact on the medicine supply chain, based on the factors you specified:

**Raw Material Risks:**

* Availability of active pharmaceutical ingredients (APIs) and raw materials: Shortages or disruptions in API supply can lead to production delays or stoppages, affecting the availability of medicines to patients.
* Price fluctuations in key ingredients: Volatility in raw material prices can increase production costs, affecting the profitability of pharmaceutical companies and potentially leading to price hikes for consumers.
* Dependency on a limited number of suppliers for essential raw materials: Concentration of supply from a few sources increases the risk of disruptions, making it essential to diversify suppliers and develop contingency plans.
* Contamination risks in raw materials: Contamination can lead to safety and quality issues, resulting in product recalls, damage to reputation, and potential harm to patients.

**Manufacturing Risks:**

* Production capacity limitations during periods of high demand: Insufficient production capacity can lead to stockouts, affecting patient access to essential medicines.
* Delays due to technical issues in manufacturing lines: Equipment failures or technical issues can cause production delays, affecting supply chain continuity and patient access to medicines.
* Disruptions in production caused by shortages in ancillary supplies: Shortages of ancillary supplies, such as packaging materials, can halt production, affecting supply chain continuity.
* Dependency on contract manufacturers that may have competing priorities: Contract manufacturers may prioritize other clients or products, potentially leading to delays or supply chain disruptions.

**Geographic Risks:**

* Heavy reliance on manufacturing hubs concentrated in specific regions: Concentration of manufacturing facilities in specific regions increases the risk of disruptions due to natural disasters, political instability, or other regional factors.
* Political instability or natural disasters disrupting supply in key regions: Disruptions in key regions can affect global supply chain continuity, leading to shortages and stockouts.
* Logistical challenges in transporting temperature-sensitive products like vaccines: Specialized transportation requirements for temperature-sensitive products can increase logistical challenges, affecting supply chain efficiency.
* Regional supply-demand imbalances leading to product shortages: Imbalances between supply and demand in specific regions can lead to stockouts, affecting patient access to essential medicines.

**Industry Impact:**

* Shortages affecting critical healthcare systems and patient outcomes: Medicine shortages can have severe consequences for patient health, particularly for those with chronic or life-threatening conditions.
* Increased costs for healthcare providers and governments due to supply chain inefficiencies: Supply chain disruptions can lead to increased costs for healthcare providers and governments, affecting the overall healthcare system.
* Negative impacts on pharmaceutical companies' reputations due to supply chain failures: Supply chain failures can damage pharmaceutical companies' reputations, affecting their business and market share.
* Competitive disadvantages if rivals secure more robust supply chains: Pharmaceutical companies with more robust supply chains may gain a competitive advantage, affecting market share and revenue.

**Mitigation Strategies:**

* Investment in alternative raw material sources and synthetic substitutes: Diversifying raw material sources can reduce dependence on single suppliers and mitigate risks associated with contamination or shortages.
* Increasing in-house manufacturing capabilities to reduce dependence on third parties: In-house manufacturing can reduce reliance on contract manufacturers and improve supply chain control.
* Building strategic stockpiles of essential drugs, vaccines, and medical devices: Stockpiling essential medicines can help mitigate the impact of supply chain disruptions and ensure continued patient access.
* Implementing advanced quality monitoring and predictive analytics in supply chains: Enhanced quality monitoring and predictive analytics can help identify potential supply chain risks and enable proactive mitigation strategies.

Please note that this analysis is based on general factors and may not be specific to the article provided, as it does not relate to medicine supply chain risks."
The Importance of Precision in Metal Fabrication,TechBullion,2025-01-02T12:43:54Z,POSITIVE,0.987312376499176,Sentiment: POSITIVE (confidence: 0.99),"**Structured Analysis of Medicine Supply Chain Risks**

**Raw Material Risks**

1. **Availability of active pharmaceutical ingredients (APIs) and raw materials**: Risk of shortages or unavailability of critical raw materials, leading to production disruptions and potential shortages of medicines.
	* Impact: Delayed or cancelled production, potential shortages of essential medicines, and compromised patient care.
2. **Price fluctuations in key ingredients**: Volatility in prices of APIs, excipients, and packaging materials, affecting production costs and profitability.
	* Impact: Increased costs, reduced profit margins, and potential price hikes for patients.
3. **Dependency on a limited number of suppliers**: Concentration of supply sources, increasing vulnerability to supply disruptions.
	* Impact: Production stoppages, delayed shipments, and potential stockouts of critical medicines.
4. **Contamination risks in raw materials**: Risk of contamination or adulteration of raw materials, compromising product safety and quality.
	* Impact: Product recalls, regulatory actions, and potential harm to patients.

**Manufacturing Risks**

1. **Production capacity limitations during periods of high demand**: Insufficient production capacity to meet surging demand, leading to potential shortages.
	* Impact: Delayed or cancelled production, potential shortages of essential medicines, and compromised patient care.
2. **Delays due to technical issues in manufacturing lines**: Equipment failures, maintenance issues, or technical problems disrupting production.
	* Impact: Production stoppages, delayed shipments, and potential stockouts of critical medicines.
3. **Disruptions in production caused by shortages in ancillary supplies**: Unavailability of essential supplies, such as packaging materials or labels, halting production.
	* Impact: Production delays, potential shortages of essential medicines, and compromised patient care.
4. **Dependency on contract manufacturers with competing priorities**: Risk of contract manufacturers prioritizing other clients or products, compromising supply chain reliability.
	* Impact: Production delays, potential shortages of essential medicines, and compromised patient care.

**Geographic Risks**

1. **Heavy reliance on manufacturing hubs concentrated in specific regions**: Concentration of manufacturing capacity in limited regions, increasing vulnerability to regional disruptions.
	* Impact: Production stoppages, delayed shipments, and potential stockouts of critical medicines due to regional disruptions.
2. **Political instability or natural disasters disrupting supply in key regions**: Political unrest, natural disasters, or other regional disruptions affecting supply chain reliability.
	* Impact: Production stoppages, delayed shipments, and potential stockouts of critical medicines.
3. **Logistical challenges in transporting temperature-sensitive products like vaccines**: Risk of temperature excursions or other logistical issues compromising product quality during transportation.
	* Impact: Product spoilage, potential harm to patients, and regulatory actions.
4. **Regional supply-demand imbalances leading to product shortages**: Imbalances in regional supply and demand, leading to potential shortages of essential medicines.
	* Impact: Delayed or cancelled production, potential shortages of essential medicines, and compromised patient care.

**Industry Impact**

1. **Shortages affecting critical healthcare systems and patient outcomes**: Potential shortages of essential medicines compromising patient care and healthcare outcomes.
	* Impact: Delayed or compromised treatment, potential harm to patients, and reputational damage to pharmaceutical companies.
2. **Increased costs for healthcare providers and governments due to supply chain inefficiencies**: Inefficiencies in the supply chain leading to increased costs for healthcare providers and governments.
	* Impact: Increased healthcare costs, reduced profit margins, and potential price hikes for patients.
3. **Negative impacts on pharmaceutical companies' reputations due to supply chain failures**: Supply chain disruptions or failures damaging pharmaceutical companies' reputations and trust.
	* Impact: Reputational damage, potential loss of market share, and reduced customer trust.
4. **Competitive disadvantages if rivals secure more robust supply chains**: Competitors with more resilient supply chains potentially gaining a competitive advantage.
	* Impact: Reduced market share, potential loss of customers, and decreased revenue.

**Mitigation Strategies**

1. **Investment in alternative raw material sources and synthetic substitutes**: Diversifying raw material sources and exploring synthetic substitutes to reduce supply chain risks.
2. **Increasing in-house manufacturing capabilities to reduce dependence on third parties**: Investing in in-house manufacturing capacity to reduce reliance on contract manufacturers.
3. **Building strategic stockpiles of essential drugs, vaccines, and medical devices**: Maintaining strategic stockpiles to mitigate the impact of supply chain disruptions.
4. **Implementing advanced quality monitoring and predictive analytics in supply chains**: Leveraging technology to monitor and predict supply chain risks, enabling proactive mitigation strategies.

By understanding these risks and their potential impact on the medicine supply chain, pharmaceutical companies can develop targeted mitigation strategies to ensure a more resilient and reliable supply chain, ultimately protecting patient care and public health."
Warning for anyone buying Mounjaro and Ozempic pens online,Somerset County Gaz,2025-01-02T12:43:30Z,NEGATIVE,0.9972213506698608,Sentiment: NEGATIVE (confidence: 1.00),"Here is a structured analysis of the identified risks and their potential impact on the Medicine supply chain:

**Raw Material Risks**

* Availability of active pharmaceutical ingredients (APIs) and raw materials: Risk of supply chain disruption due to limited availability of APIs and raw materials.
* Price fluctuations in key ingredients: Risk of increased costs for pharmaceutical companies and healthcare providers due to price fluctuations.
* Dependency on a limited number of suppliers for essential raw materials: Risk of supply chain disruption due to dependence on a limited number of suppliers.
* Contamination risks in raw materials leading to safety and quality issues: Risk of product recalls, patient harm, and damage to pharmaceutical companies' reputations.

**Manufacturing Risks**

* Production capacity limitations during periods of high demand: Risk of supply chain disruption due to production capacity limitations.
* Delays due to technical issues in manufacturing lines: Risk of supply chain disruption due to technical issues.
* Disruptions in production caused by shortages in ancillary supplies: Risk of supply chain disruption due to shortages in ancillary supplies.
* Dependency on contract manufacturers that may have competing priorities: Risk of supply chain disruption due to dependence on contract manufacturers with competing priorities.

**Geographic Risks**

* Heavy reliance on manufacturing hubs concentrated in specific regions: Risk of supply chain disruption due to regional dependence.
* Political instability or natural disasters disrupting supply in key regions: Risk of supply chain disruption due to political instability or natural disasters.
* Logistical challenges in transporting temperature-sensitive products like vaccines: Risk of supply chain disruption due to logistical challenges.
* Regional supply-demand imbalances leading to product shortages: Risk of supply chain disruption due to regional supply-demand imbalances.

**Industry Impact**

* Shortages affecting critical healthcare systems and patient outcomes: Risk of negative impact on patient outcomes and healthcare systems.
* Increased costs for healthcare providers and governments due to supply chain inefficiencies: Risk of increased costs for healthcare providers and governments.
* Negative impacts on pharmaceutical companies' reputations due to supply chain failures: Risk of damage to pharmaceutical companies' reputations.
* Competitive disadvantages if rivals secure more robust supply chains: Risk of competitive disadvantage for pharmaceutical companies with weaker supply chains.

**Mitigation Strategies**

* Investment in alternative raw material sources and synthetic substitutes: Mitigation strategy to reduce dependence on limited suppliers and raw materials.
* Increasing in-house manufacturing capabilities to reduce dependence on third parties: Mitigation strategy to reduce dependence on contract manufacturers.
* Building strategic stockpiles of essential drugs, vaccines, and medical devices: Mitigation strategy to mitigate the impact of supply chain disruptions.
* Implementing advanced quality monitoring and predictive analytics in supply chains: Mitigation strategy to detect and prevent supply chain disruptions.

In the context of the article, the specific risks identified are:

* Patients buying weight loss jabs online or through gyms or beauty salons, which may lead to safety and quality issues due to contamination risks in raw materials.
* Dependence on unregulated retailers, which may lead to supply chain disruption due to lack of quality control.
* Long wait times for NHS treatment, which may lead to patients seeking alternative sources, including online purchases, which may lead to safety and quality issues.
* Limited availability of weight loss medications, which may lead to supply chain disruption and increased costs for healthcare providers and governments.

The potential impact of these risks on the Medicine supply chain includes:

* Supply chain disruptions leading to shortages of essential medications.
* Increased costs for healthcare providers and governments due to supply chain inefficiencies.
* Damage to pharmaceutical companies' reputations due to supply chain failures.
* Negative impact on patient outcomes and healthcare systems due to shortages and safety issues.

To mitigate these risks, the article suggests:

* Improving existing weight reduction services by ensuring they are properly resourced and have enough staff to meet demand.
* Implementing advanced quality monitoring and predictive analytics in supply chains to detect and prevent supply chain disruptions.
* Building strategic stockpiles of essential drugs, vaccines, and medical devices to mitigate the impact of supply chain disruptions.
* Investing in alternative raw material sources and synthetic substitutes to reduce dependence on limited suppliers and raw materials."
Emerging Health Threats: What Infectious Disease Will Challenge Us Most in 2025? - The Daily Guardian,The Daily Guardian,2025-01-02T12:43:11Z,POSITIVE,0.9786933660507202,Sentiment: POSITIVE (confidence: 0.98),"Here is a structured analysis of the identified risks and their potential impact on the Medicine supply chain:

**Raw Material Risks**

* **Availability of active pharmaceutical ingredients (APIs) and raw materials:** Potential shortage of APIs and raw materials due to the increasing demand for medicines to combat emerging infectious diseases.
* **Price fluctuations in key ingredients:** Price volatility of APIs, excipients, and packaging materials could lead to increased production costs and affect the availability of medicines.
* **Dependency on a limited number of suppliers:** Concentration of suppliers in specific regions (e.g., Asia) increases the risk of supply chain disruptions due to regional instability or natural disasters.
* **Contamination risks in raw materials:** Contamination risks could lead to safety and quality issues, resulting in product recalls, reputational damage, and patient harm.

**Manufacturing Risks**

* **Production capacity limitations:** Insufficient production capacity during periods of high demand could lead to shortages of critical medicines.
* **Delays due to technical issues:** Technical issues in manufacturing lines could cause production delays, affecting the availability of medicines.
* **Disruptions in production caused by shortages in ancillary supplies:** Shortages of ancillary supplies (e.g., packaging materials) could disrupt production, leading to stockouts and shortages.
* **Dependency on contract manufacturers:** Contract manufacturers may have competing priorities, which could lead to production delays or quality issues.

**Geographic Risks**

* **Heavy reliance on manufacturing hubs:** Concentration of manufacturing hubs in specific regions increases the risk of supply chain disruptions due to regional instability or natural disasters.
* **Political instability or natural disasters:** Political instability or natural disasters in key regions could disrupt supply chains, leading to shortages and stockouts.
* **Logistical challenges in transporting temperature-sensitive products:** Challenges in transporting temperature-sensitive products (e.g., vaccines) could lead to product degradation, affecting their efficacy and safety.
* **Regional supply-demand imbalances:** Imbalances in supply and demand in different regions could lead to product shortages and stockouts.

**Industry Impact**

* **Shortages affecting critical healthcare systems and patient outcomes:** Shortages of critical medicines could impact patient outcomes, healthcare systems, and public health.
* **Increased costs for healthcare providers and governments:** Supply chain inefficiencies could lead to increased costs for healthcare providers and governments.
* **Negative impacts on pharmaceutical companies' reputations:** Supply chain failures could damage pharmaceutical companies' reputations, affecting their business and market value.
* **Competitive disadvantages:** Pharmaceutical companies with weaker supply chains may face competitive disadvantages compared to those with more robust supply chains.

**Mitigation Strategies**

* **Investment in alternative raw material sources and synthetic substitutes:** Diversifying raw material sources and investing in synthetic substitutes could reduce dependence on limited suppliers and mitigate price volatility.
* **Increasing in-house manufacturing capabilities:** Expanding in-house manufacturing capabilities could reduce dependence on contract manufacturers and improve production capacity.
* **Building strategic stockpiles of essential drugs, vaccines, and medical devices:** Building strategic stockpiles could help mitigate the impact of supply chain disruptions and ensure the availability of critical medicines.
* **Implementing advanced quality monitoring and predictive analytics:** Implementing advanced quality monitoring and predictive analytics could help detect and prevent contamination risks, quality issues, and supply chain disruptions."
One state tried eighth grade algebra for all. It hasn't gone well - webloglabs.com,webloglabs.com,2025-01-02T12:42:59Z,NEGATIVE,0.9984123706817627,Sentiment: NEGATIVE (confidence: 1.00),"I apologize, but the provided article does not appear to be related to the medicine supply chain. The article discusses the implementation of algebra education in Minnesota schools and its effects on student outcomes.

However, I can provide a structured analysis of the medicine supply chain risks based on the five categories you specified:

**Raw Material Risks**

* Risk: Availability of active pharmaceutical ingredients (APIs) and raw materials
	+ Impact: Disruption in production, leading to shortages and delays in delivery of medicines
* Risk: Price fluctuations in key ingredients (e.g., APIs, excipients, and packaging materials)
	+ Impact: Increased costs for manufacturers, potentially leading to price hikes for consumers
* Risk: Dependency on a limited number of suppliers for essential raw materials
	+ Impact: Supply chain disruptions due to supplier failures or natural disasters
* Risk: Contamination risks in raw materials leading to safety and quality issues
	+ Impact: Product recalls, damage to reputation, and potential harm to patients

**Manufacturing Risks**

* Risk: Production capacity limitations during periods of high demand
	+ Impact: Delays in delivery, leading to shortages and stockouts
* Risk: Delays due to technical issues in manufacturing lines
	+ Impact: Disruption in production, leading to delays and potential shortages
* Risk: Disruptions in production caused by shortages in ancillary supplies
	+ Impact: Delays in delivery, leading to shortages and stockouts
* Risk: Dependency on contract manufacturers that may have competing priorities
	+ Impact: Prioritization of other products over essential medicines, leading to shortages

**Geographic Risks**

* Risk: Heavy reliance on manufacturing hubs concentrated in specific regions
	+ Impact: Disruptions in production due to regional issues, such as natural disasters or political instability
* Risk: Political instability or natural disasters disrupting supply in key regions
	+ Impact: Disruptions in production, leading to shortages and delays
* Risk: Logistical challenges in transporting temperature-sensitive products like vaccines
	+ Impact: Damage to products during transportation, leading to waste and shortages
* Risk: Regional supply-demand imbalances leading to product shortages
	+ Impact: Shortages and stockouts in certain regions, leading to healthcare system disruptions

**Industry Impact**

* Risk: Shortages affecting critical healthcare systems and patient outcomes
	+ Impact: Negative impact on patient health, potential loss of life, and damage to healthcare systems
* Risk: Increased costs for healthcare providers and governments due to supply chain inefficiencies
	+ Impact: Financial burden on healthcare systems, potentially leading to rationing of care
* Risk: Negative impacts on pharmaceutical companies' reputations due to supply chain failures
	+ Impact: Loss of trust, potential financial losses, and damage to brand reputation
* Risk: Competitive disadvantages if rivals secure more robust supply chains
	+ Impact: Loss of market share, potential financial losses, and damage to business reputation

**Mitigation Strategies**

* Strategy: Investment in alternative raw material sources and synthetic substitutes
	+ Benefit: Reduced dependency on single suppliers, increased resilience in supply chain
* Strategy: Increasing in-house manufacturing capabilities to reduce dependence on third parties
	+ Benefit: Improved control over production, reduced risk of supply chain disruptions
* Strategy: Building strategic stockpiles of essential drugs, vaccines, and medical devices
	+ Benefit: Reduced risk of shortages, improved ability to respond to demand surges
* Strategy: Implementing advanced quality monitoring and predictive analytics in supply chains
	+ Benefit: Improved detection of potential issues, reduced risk of supply chain disruptions"
