Title,Description,Source,URL,Sentiment
Why an Offline Nuclear Reactor Led to Thousands of Hospital Appointments Being Canceled,Radioisotopes are a vital resource for imaging patients’ organs and tumors—but these unstable elements also suffer from an unstable supply chain.,Wired,https://www.wired.com/story/why-an-offline-nuclear-reactor-led-to-thousands-of-hospital-appointments-being-cancelled/,Positive
Some pubs start to run out of Guinness as supply limit bites,Several pubs say they've run dry of the stout as its owner Diageo seeks to avoid festive panic buying.,BBC News,https://www.bbc.com/news/articles/c0ewqx53q8do,Negative
Lawyers File Charges Against Apple Over Its Alleged Use of Conflict Minerals,"Building electronics requires a lot of rare minerals that are often mined, under duress, in war zones.",Gizmodo.com,https://gizmodo.com/lawyers-file-charges-against-apple-over-its-alleged-use-of-conflict-minerals-2000539999,Positive
[Removed],[Removed],[Removed],https://removed.com,Neutral
"Tim Cook at CEO Summit in China to Talk Supply Chain, Trade Issues","Apple CEO Tim Cook on Monday made his third visit to China this year, ahead of a five-day supply chain conference with Chinese Premier Li Qiang and other corporate leaders (via Bloomberg).





The Apple chief joined more than 20 global business leaders in me…",MacRumors,https://www.macrumors.com/2024/11/25/tim-cook-visits-china-third-time-this-year/,Positive
An Early-Warning System Will Make Your Supply Chain More Resilient,Three steps to get started.,Harvard Business Review,https://hbr.org/2024/12/an-early-warning-system-will-make-your-supply-chain-more-resilient,Neutral
Compromising OpenWrt Supply Chain,"Introduction Hello, I’m RyotaK (@ryotkak ), a security engineer at Flatt Security Inc.
A few days ago, I was upgrading my home lab network, and I decided to upgrade the OpenWrt on my router.1 After accessing the LuCI, which is the web interface of OpenWrt, I …",Flatt.tech,https://flatt.tech/research/posts/compromising-openwrt-supply-chain-sha256-collision/,Negative
Stellantis CEO Carlos Tavares resigns from struggling carmaker,Carlos Tavares is stepping down as Chief Executive Officer of Stellantis following a sharp decline in the carmaker’s sales. A new CEO will be appointed in 2025.,The Verge,https://www.theverge.com/2024/12/2/24310921/stellantis-ceo-carlos-tavares-resigns-effective-immediately,Negative
Analysis of supply-chain attack on Ultralytics,Analysis of a package targeted by a supply-chain attack to the build and release process,Pypi.org,https://blog.pypi.org/posts/2024-12-11-ultralytics-attack-analysis/,Neutral
Ultralytics Supply-Chain Attack,"Last week, we saw a supply-chain attack against the Ultralytics AI library on GitHub. A quick summary:
On December 4, a malicious version 8.3.41 of the popular AI library ultralytics ­—which has almost 60 million downloads—was published to the Python Package …",Schneier.com,https://www.schneier.com/blog/archives/2024/12/ultralytics-supply-chain-attack.html,Positive
Williams-Sonoma says rivals who lean into discounts are training shoppers to 'wait for that promotion',Williams-Sonoma CEO Laura Alber said the chain has reduced the number of discounts it offers since they can push customers to delay purchases.,Business Insider,https://www.businessinsider.com/williams-sonoma-ceo-says-discounts-train-customers-to-delay-purchases-2024-11,Positive
NVIDIA Corporation (NVDA) Supply Chain Boosted by Vishay’s Strong Orders for AI Servers and RTX 50 Series,"We recently compiled a list of the 15 AI Stocks on Wall Street’s Radar. In this article, we are going to take a look at where NVIDIA Corporation (NASDAQ:NVDA...",Yahoo Entertainment,https://finance.yahoo.com/news/nvidia-corporation-nvda-supply-chain-195023718.html,Neutral
iPhone 17 Air Model Enters Product Introduction Phase at Foxconn,"Apple's rumored new iPhone 17 Air model has entered the new product introduction phase (NPI) at Foxconn, according to supply chain sources (via DigiTimes). 





The NPI phase transitions a product from concept to mass production, beginning with design valida…",MacRumors,https://www.macrumors.com/2024/12/13/iphone-17-air-enters-product-introduction-phase/,Positive
Nvidia's Blackwell era will test the world's most valuable company in a highwire act,"Nvidia needs to provide performance leaps and navigate supply-side pressures to meet high expectations for its next-gen AI chip, Blackwell.",Business Insider,https://www.businessinsider.com/nvidia-blackwell-ai-chip-sales-earnings-jensen-huang-2024-11,Positive
The best board games we played in 2024,"The world of board gaming enjoyed a bit of a respite in 2024. Supply chain issues and shipping costs stabilized for the most part, giving developers and publishers an increased feeling of certainty… up to a point. Meanwhile, both direct-to-retail and crowdfun…",Polygon,https://www.polygon.com/best-of-the-year/492279/best-board-games-2024,Positive
PlugBug Travel 120 With Find My,"Reduce clutter and increase convenience with Twelve South’s PlugBug 120W Travel power supply. Four USB C ports can support any device, including your laptop, simultaneously. It’s the first power supply with Apple …",Cool Hunting,http://coolhunting.com/buy/plugbug-travel-120-with-find-my/,Positive
iPhone 17 Slim specs will be an enormous engineering & supply chain challenge,Apple's supply chain will be challenged to produce the rumored iPhone 17 Slim. Here's what features the company is rumored to jam into the thinnest iPhone yet.A render of what the iPhone 17 Slim could look likeThe iPhone 17 Slim is expected to form part of th…,AppleInsider,https://appleinsider.com/articles/24/12/13/iphone-17-slim-specs-will-be-an-enormous-engineering-supply-chain-challenge,Negative
Chinese chip firms say they can withstand new US export curbs,Chinese chip companies targeted by Washington with fresh export controls have vowed to speed up supply chain localisation and said they would be able to...,Yahoo Entertainment,https://ca.finance.yahoo.com/news/chinese-chip-firms-withstand-us-073606233.html,Positive
Supply chain management vendor Blue Yonder succumbs to ransomware,"And it looks like major UK retailers that rely on it are feeling the pinch
US-based supply chain SaaS vendor Blue Yonder has revealed a service disruption caused by ransomware, and its customers are reportedly struggling to get goods onto shelves as a result.…",Theregister.com,https://www.theregister.com/2024/11/26/blue_yonder_ransomware/,Positive
Leaks Show Samsung Galaxy S25 Ultra Looking a Lot Like an iPhone,"The Samsung Galaxy S25 features flat sides and rounded corners, just like the Pixel 9, and just like the iPhone.",Gizmodo.com,https://gizmodo.com/leaks-show-samsung-galaxy-s25-ultra-looking-a-lot-like-an-iphone-2000527575,Negative
OpenWrt orders router firmware updates after supply chain attack scare,"A couple of bugs lead to a potentially bad time
OpenWrt users should upgrade their images to the same version to protect themselves from a possible supply chain attack reported to the open source Wi-Fi router project last week.…<!--#include virtual='/data_cen…",Theregister.com,https://www.theregister.com/2024/12/09/openwrt_firmware_vulnerabilities/,Negative
Spotify's Car Thing Accessory is Officially Dead,"Spotify today shut down all Car Thing accessories, several months after announcing plans to discontinue the product. As of this week, Car Thing is no longer functional and will not work with the Spotify streaming service.





Car Thing owners who power on th…",MacRumors,https://www.macrumors.com/2024/12/10/spotify-car-thing-officially-dead/,Negative
Tim Cook heads to China for supply chain talks with premier,"Apple CEO Tim Cook has returned to China for discussions with premier Li Qiang, in discussions to aid both the global supply chain and the Chinese economy.Apple CEO Tim Cook - Image credit: AppleApple's leadership frequently makes visits to China and other re…",AppleInsider,https://appleinsider.com/articles/24/11/25/tim-cook-heads-to-china-for-supply-chain-pow-wow-with-premier,Negative
"Supply chain rumor suggests OLED iPad mini in 2026, foldable iPad Pro in 2027","A new supply chain analyst report suggests that Apple will begin converting its existing iPad lineup to OLED as soon as 2026, with a new folding tablet coming shortly after.iPad ProThe report, which comes courtesy of Display Supply Chain Consultants (DSCC), s…",AppleInsider,https://appleinsider.com/articles/24/12/16/supply-chain-rumor-suggests-oled-ipad-mini-in-2026-foldable-ipad-pro-in-2027,Positive
"TSMC 2nm Chip Production Hits 60% Yield, on Track for iPhone 18 Pro","TSMC has achieved better-than-expected results in trial production of its 2-nanometer chip technology, with yield rates exceeding 60%, according to Taiwanese supply chain sources (via Liberty Times Net). The news suggests the company is well-positioned to beg…",MacRumors,https://www.macrumors.com/2024/12/06/tsmc-2nm-chip-production-on-track-iphone-18-pro/,Neutral
Apple Again Rumored to Launch Smart Home Camera Alongside HomePod With Display,"Apple supply chain analyst Ming-Chi Kuo today again said that Apple plans to release its own HomeKit-enabled wireless smart home camera in 2026.



Logitech Circle View camera

In a blog post about Apple's smart home plans, Kuo said the camera will have tight…",MacRumors,https://www.macrumors.com/2024/12/04/apple-smart-home-camera-rumor/,Positive
CEO says his airline's all-Airbus fleet is a 'better alternative' as rivals struggle with Boeing blues and engine issues,"EasyJet delivered a record-breaking summer, bucking the broader trend of stuttering growth among European budget airline rivals.",Business Insider,https://www.businessinsider.com/easyjet-posts-record-profits-avoids-boeing-blues-and-engine-issues-2024-11,Neutral
iPhone SE 4 is coming soon; here are the latest rumors,"Apple is reportedly set to launch the iPhone SE 4 in just a few short months. The update will bring a dramatic overhaul to Apple’s most affordable iPhone. 



A new supply chain report this week has some additional details on what to expect from the iPhone SE…",9to5Mac,https://9to5mac.com/2024/12/09/iphone-se-4-camera-rumors/,Positive
Apple's Investment in the UK Exceeds £18 Billion,"Apple today announced that it has invested more than £18 billion in the United Kingdom over the last five years, plus it has doubled the number of engineering teams in the country.





Apple says that it supports 550,000 jobs in the UK through direct employm…",MacRumors,https://www.macrumors.com/2024/12/10/apples-investment-in-the-uk-exceeds-18-billion/,Positive
"iPhone SE 4 Said to Feature 48MP Rear Lens, 12MP TrueDepth Camera","Apple's forthcoming iPhone SE 4 will feature a single 48-megapixel rear camera and a 12-megapixel TrueDepth camera on the front, according to details revealed in a new Korean supply chain report.





ET News reports that Korea-based LG Innotek is the main su…",MacRumors,https://www.macrumors.com/2024/12/09/iphone-se-4-camera-details-revealed/,Positive
Apple faces criminal complaints over Congo conflict minerals and customer deception,"Apple is facing criminal complaints by the Democratic Republic of Congo (DRC), which accuses the company of illegally using conflict minerals, also known as “blood minerals.” The terms refer to minerals sourced from illegal sources who employ child labor and …",9to5Mac,https://9to5mac.com/2024/12/17/apple-faces-criminal-complaints-over-congo-conflict-minerals-and-customer-deception/,Negative
China encourages local orgs to seek alternatives to US silicon,"Which could be in short supply as Beijing bans rare earth exports
Four of China's top industry bodies have published advice suggesting members source fewer semiconductors from US silicon slingers, because supply chain issues caused by sanctions mean they are …",Theregister.com,https://www.theregister.com/2024/12/05/china_stop_buying_us_chips_advice/,Positive
Geopolitics and AI will affect the chip industry in 2025 | KPMG,"AI is making semiconductor leaders more optimistic about 2025, but headwinds could come from geopolitical and talent retention concerns.",VentureBeat,https://venturebeat.com/ai/geopolitics-and-ai-will-affect-the-chip-industry-in-2025-kpmg/,Positive
12 Best IKEA Hacks of 2024: See IKEA in a Brand New Light!,"2024 has been interesting, with IKEA lowering prices across 63 countries. After years of steadily climbing costs, especially post-COVID due to supply chain issues, it’s a breath of fresh air to see IKEA passing some of these savings back to us. This is fantas…",Ikeahackers.net,https://ikeahackers.net/2024/12/best-ikea-hacks-2024.html,Positive
iPhone 17 Pro Rumored to Stick With 'Triangular' Camera Design,"Contrary to recent reports, the iPhone 17 Pro will not feature a horizontal camera layout, according to the leaker known as ""Instant Digital.""





In a new post on Weibo, the leaker said that their source has confirmed that while the appearance of the back o…",MacRumors,https://www.macrumors.com/2024/12/18/iphone-17-pro-to-stick-with-triangular-camera/,Positive
"Trump now says bringing down grocery prices, as he promised, will be 'very hard'","President-elect Donald Trump campaigned relentlessly on grocery prices in the 2024 race. Now, he says lowering costs will be ""very hard.""",ABC News,https://abcnews.go.com/Politics/trump-now-bringing-grocery-prices-promised-hard/story?id=116763207,Negative
Here's what analysts are saying about Nvidia earnings,"Nvidia beat forecasts again in its third-quarter results, but one analyst says investors are concerned about a possible slowdown in future growth.",Business Insider,https://www.businessinsider.com/nvidia-earnings-analyst-comment-revenue-profits-blackwell-chips-wedbush-2024-11,Neutral
How Brazil Recycling Co-ops Are Helping Turn Plastic Waste Into Shoes,Sneaker brand Veja has teamed up with recycling waste workers in Brazil to breathe new life into plastic waste.,Time,https://time.com/7198461/brazil-recycling-co-ops-helping-turn-plastic-waste-into-shoes-veja/,Negative
25% tariff on imports? Consumers doomed?,"A 25% tariff on Canadian and Mexican imports could drive up car prices, disrupt supply chains, and strain automakers already grappling with industry-wide challenges.",Autoblog,https://www.autoblog.com/news/25-percent-tariff-on-imports-consumers-doomed,Neutral
"Boeing has finally started producing the 737 Max again, almost a month after the end of its massive strike",Boeing restarting production of the 737 Max is a major step as it seeks to rebuild customer trust after several tough years.,Business Insider,https://www.businessinsider.com/boeing-finally-restarts-737-max-production-nearly-month-after-strike-2024-12,Negative
Trump’s proposed tariffs could reshape the auto industry,"A 25% tariff on Canadian and Mexican imports could drive up car prices, disrupt supply chains, and strain automakers already grappling with industry-wide challenges.",Autoblog,https://www.autoblog.com/news/trumps-proposed-tariffs-could-reshape-the-auto-industry,Neutral
The 6GHz Band Opens in the US,"On December 11th, the FCC announced that the band around 6GHz would be open to “very low-power devices.” The new allocation shares space with other devices already using these frequencies. …read more",Hackaday,https://hackaday.com/2024/12/12/the-6ghz-band-opens-in-the-us/,Positive
How Honda Is Approaching Resource Circulation - SPONSOR CONTENT FROM GEP,Sponsor content from GEP.,Harvard Business Review,https://hbr.org/sponsored/2024/12/how-honda-is-approaching-resource-circulation,Neutral
Will Republicans continue to support subsidies for the chip industry? | PwC interview,The Chips & Science Act was a bipartisan law passed to give $52 billion to the U.S. semiconductor industry. Will Republicans stand behind it?,VentureBeat,https://venturebeat.com/ai/will-republicans-continue-to-support-subsidies-for-the-chip-industry-pwc-interview/,Negative
"Exclusive-Boeing restarts 737 MAX production a month after strike ended, sources say","Boeing restarted production of its best-selling 737 MAX jetliner last week, about a month after the end of a seven-week strike by 33,000 factory workers...",Yahoo Entertainment,https://ca.finance.yahoo.com/news/exclusive-boeing-restarts-737-max-042953153.html,Neutral
"Ransomware scum blow holes in Cleo software patches, Cl0p (sort of ) claims responsibility","But can you really take crims at their word?
Supply chain integration vendor Cleo has urged its customers to upgrade three of its products after an October patch was circumvented, leading to widespread ransomware attacks that Russia-linked gang ""Cl0p"" has cla…",Theregister.com,https://www.theregister.com/2024/12/16/ransomware_attacks_exploit_cleo_bug/,Positive
"Major iPhone 17 Pro Redesign Backed by Supply Chain Info, Claims Leaker","Next year's iPhone 17 Pro models will reportedly feature a major redesign, specifically centering around changes to the rear camera module, and now new supply chain information appears to confirm the striking change, according to a Chinese leaker.



iPhone 1…",MacRumors,https://www.macrumors.com/2024/12/12/iphone-17-pro-redesign-backed-by-supply-chain-info/,Positive
Evaluating food safety control strategies for produce industry,"Leafy greens can become contaminated with pathogenic E. coli or other bacteria through splashes of soil or contaminated irrigation water in the field, or through processing and handling. Growers and processors work hard to implement multiple safety procedures…",Science Daily,https://www.sciencedaily.com/releases/2024/12/241212145835.htm,Negative
Apple accused of covering up war crimes by willfully using Congo conflict minerals,"Apple has been formally accused by Congo of covering up war crimes by using conflict minerals in its supply chain, and criminal complaints have been filed in France and Belgium.Apple has been asked to verify that it doesn't use ""conflict minerals"" in the iPho…",AppleInsider,https://appleinsider.com/articles/24/12/17/apple-accused-of-covering-up-war-crimes-by-willfully-using-congo-conflict-minerals,Negative
The Galaxy Z Fold 7 and Flip 7 are set to get significant display upgrades,Next year's Samsung foldable phones could feature bigger displays. How much bigger? Quite a lot!,Digital Trends,https://www.digitaltrends.com/mobile/samsung-galaxy-z-fold-7-z-flip-7-set-to-get-significant-display-upgrades/,Neutral
"Meet the CEO trying to turn around Air India, the 92-year-old airline with a pile of problems","Air India CEO Campbell Wilson compared his turnaround efforts to juggling and ""drinking from a firehose,"" with plans for hundreds of new planes.",Business Insider,https://www.businessinsider.com/air-india-ceo-turnaround-boeing-leadership-seats-supply-chain-2024-12,Positive
Trump says his presidency won't be a failure if he can't lower grocery prices,"Trump told Time magazine that lowering grocery prices is ""very hard,"" after saying that he won partially because of high food costs.",Business Insider,https://www.businessinsider.com/trump-grocery-prices-time-magazine-interview-inflation-2024-12,Negative
The American industry that wants more government intervention,"As President-elect Trump promises to eliminate government agencies and regulations, one American industry — mining — is asking for more intervention. They say national economic and military security are at stake.",NPR,https://www.npr.org/2024/12/18/nx-s1-5220261/american-mining-industry-regulation-trump,Positive
New iPhone 17 Pro rumor suggests radical redesign,The iPhone 17 Pro could sport a horizontal camera bar.,Tom's Guide,https://www.tomsguide.com/phones/iphones/leaked-iphone-17-pro-frame-suggests-major-redesign-that-mirrors-pixel-9-pro,Neutral
Why Top Brands Are Encouraging Customers to Buy Second-Hand,"Companies are turning to resale, repair, and rental models to extend the life of garments, reduce waste, and lower their carbon footprint.",Time,https://time.com/7201984/why-top-brands-are-encouraging-customers-to-buy-second-hand/,Negative
Electric Cargo Bikes Made from Discarded Bike Frames,"These electric cargo bikes, by Arkansas-based Gnargo Bike Co., are made from discarded steel bike frames. ""After an environmentally friendly burn-off of existing finishes and oils, frames are fully sandblasted and brought back into our factory for quality che…",Core77.com,https://www.core77.com/posts/134563/Electric-Cargo-Bikes-Made-from-Discarded-Bike-Frames,Positive
Supply chain leak suggests that the iPhone 17 Pro will look weird,"A while back we heard that the iPhone 17 Pro will have a rectangular camera bump, instead of the current square bump that has been used for many generations. That report also claimed that Apple is dumping titanium and is going back to aluminum for the frames.…",GSMArena.com,https://www.gsmarena.com/supply_chain_leak_suggests_that_the_iphone_17_pro_will_look_weird_and_will_be_impractical-news-65714.php,Positive
"Trump backs dockworkers' fight against automation. He risks price hikes, experts say","Automation causes ""distress, hurt, and harm"" for U.S. workers, Trump says.",ABC News,https://abcnews.go.com/US/trump-backs-dockworkers-fight-automation-move-risks-higher/story?id=116763101,Neutral
Starbucks faces disruptions following ransomware attack on software supplier,The coffee giant said that an outage at a third-party vendor has disrupted a back-end Starbucks process that enables employee scheduling and time tracking.  ...,Yahoo Entertainment,https://finance.yahoo.com/news/starbucks-faces-disruptions-following-ransomware-201734823.html,Neutral
Where Will All of Big Tech’s Nuclear Waste Go?,Nuclear waste is spread across 94 different nuclear sites in the U.S. and has no permanent home. Big Tech is going to add more to the pile.,Gizmodo.com,https://gizmodo.com/where-will-all-of-big-techs-nuclear-waste-go-2000541209,Positive
Navigating The Future Of Retail Supply Chain,"The world of supply chain fulfillment is being driven by workforce shortages, minimum wage increases and the relentless push for efficiency.",Forbes,https://www.forbes.com/councils/forbestechcouncil/2024/12/18/navigating-the-future-of-retail-supply-chain/,Neutral
The Soaring Highs and Deflating Lows of Commercial Spaceflight in 2024,"This year, private space companies were put to the test. Some thrived under pressure, while others crashed and burned.",Gizmodo.com,https://gizmodo.com/the-soaring-highs-and-deflating-lows-of-commercial-spaceflight-in-2024-2000538101,Neutral
"XMLRPC npm Library Turns Malicious, Steals Data, Deploys Crypto Miner",Cybersecurity researchers have discovered a software supply chain attack that has remained active for over a year on the npm package registry by starting off as an innocuous library and later adding malicious code to steal sensitive data and mine cryptocurren…,Internet,https://thehackernews.com/2024/11/xmlrpc-npm-library-turns-malicious.html,Negative
Cook visits China to boost supply chain,"Tim Cook, Apple CEO, is currently in a discussion with China surrounding the global supply chain and to aid the country’s economy. Cook often visits China to improve the company’s relationship with China and government officials. The latest trip has the Apple…",iLounge,https://www.ilounge.com/news/cook-visits-china-to-boost-supply-chain,Positive
Supply-chain attack analysis: Ultralytics (PyPI Blog),"The Python Package Index (PyPI) Blog has an analysis
of the compromise of
the ultralytics
project, and what PyPI has learned from this event:


PyPI staff and volunteers do their best to remove malware, but
because the service is open to anyone looking to pub…",Lwn.net,https://lwn.net/Articles/1001909/,Positive
"YoY Measures of Inflation: Services, Goods and Shelter",,Blogger.com,https://www.blogger.com/comment/fullpage/post/10004977/5037619549625338324,Neutral
"Apple offered Indonesia $10M then $100M, but it now expects $1B within a week","Apple is known for playing hardball when it comes to negotiations, but it seems the Indonesian government is capable of giving as good as it gets.



The country banned the sale of the iPhone 16, saying the Cupertino company hadn’t invested enough in the loca…",9to5Mac,https://9to5mac.com/2024/12/03/apple-offered-indonesia-10m-then-100m-but-it-now-expects-1b-within-a-week/,Positive
Oysters linked to norovirus outbreak sickens at least 80 people at restaurant event,The outbreak stemmed from an event at the Hollywood Palladium celebrating the Los Angeles Times' list of the 101 best restaurants on Dec. 3.,ABC News,https://abcnews.go.com/US/raw-oysters-linked-norovirus-outbreak-leaves-80-sickened/story?id=116966527,Positive
Corning agrees to open up Gorilla Glass sales after antitrust pressure,"Corning's Gorilla Glass could be less exclusive, showing up on more devices in the future",Android Police,https://www.androidpolice.com/corning-gorilla-glass-sales-after-antitrust-pressure/,Positive
Xiaomi making its own chip is the right move. Here's why.,Xiaomi can customize a chip relatively free from the Qualcomm tax.,Android Central,https://www.androidcentral.com/phones/xiaomi-making-its-own-chip-is-the-right-move-heres-why,Positive
"Apple in 2025: Home Hub, iPhone SE 4, AirTag 2, New iPads, and More","Barring any surprises, Apple is not expected to release any more new hardware before 2024 ends. Apple is rumored to have many product announcements planned for the first half of next year, though, including an all-new smart home hub, the iPhone SE 4, an AirTa…",MacRumors,https://www.macrumors.com/2024/11/21/apple-products-rumored-for-early-2025/,Positive
What Today's Jobs Report Means for Mortgage Rates and the Fed,Strong economic data could encourage the Federal Reserve to postpone interest rate cuts in 2025.,CNET,https://www.cnet.com/personal-finance/what-todays-jobs-report-means-for-mortgage-rates-and-the-fed/,Positive
The Critical Role Of The Humanitarian Supply Chain,"Hundreds of millions of people depend on humanitarian aid. Given the current geopolitical, economic and ecological crises, it is more important than ever.",Forbes,https://www.forbes.com/sites/sap/2024/12/05/the-critical-role-of-the-humanitarian-supply-chain/,Positive
Why Security Ratings Alone Won't Save Your Software Supply Chain,"Security ratings are valuable, but they're just the beginning of the conversation.",Forbes,https://www.forbes.com/councils/forbestechcouncil/2024/12/12/why-security-ratings-alone-wont-save-your-software-supply-chain/,Neutral
Moselle Lock Closure: How To Mitigate Supply Chain Disruption,"As a result of the Moselle River accident, this critical waterway is now out of service for many months, which could have economic consequences.",Forbes,https://www.forbes.com/sites/sap/2024/12/16/moselle-lock-closure-how-to-mitigate-supply-chain-disruption/,Positive
"Costco Is Recalling 10,800 Units of Its Kirkland Signature Pasture-Raised Eggs Over Salmonella Concerns","The eggs, which came in 24-count boxes and weren't meant to be sold in stores, ""were instead packaged and distributed in retail packaging.""",Food & Wine,https://www.foodandwine.com/costco-kirkland-signature-egg-recall-salmonella-2024-8753900,Neutral
Supplier Onboarding Is Core To Molex’s Supply Chain Transformation,"When you talk to companies that have implemented enterprise or supply chain applications, executives will usually admit that they have under-invested in training and p...",Forbes,https://www.forbes.com/sites/stevebanker/2024/12/13/supplier-onboarding-is-core-to-molexs-supply-chain-transformation/,Negative
New iPhone 17 rumors point to a radically different rear camera layout,"At least one model of the iPhone 17 could end up with a camera bar instead of the regular bump, according to a pair of new, overlapping rumors.An example of a supposed camera placement on the iPhone 17 Slim - Image Credit: Digital Chat Station/WeiboThe rumore…",AppleInsider,https://appleinsider.com/articles/24/12/12/new-iphone-17-rumors-point-to-a-radically-different-rear-camera-layout,Negative
"Ransomware attack on Blue Yonder hits Starbucks, grocery stores across the world","A major supply chain management company was hit with ransomware, sending ripples throughout the business world.",TechRadar,https://www.techradar.com/pro/security/ransomware-attack-on-blue-yonder-hits-starbucks-grocery-stores-across-the-world,Positive
Starbucks has gone back to pen and paper after vendor ransomware attack,Employee pay and schedules are being tracked on paper at Starbucks following supply chain attack.,TechRadar,https://www.techradar.com/pro/security/starbucks-has-gone-back-to-pen-and-paper-after-vendor-ransomware-attack,Neutral
Elon Musk's demands for Nvidia's AI chips strained its supply,Tesla (TSLA) CEO Elon Musk’s aggressive pursuit of artificial intelligence chips for his supercomputer has pushed Nvidia (NVDA) to its production limits.Read more...,Quartz India,https://qz.com/elon-musk-nvidia-ai-chips-strain-supply-xai-colossus-1851709302,Negative
"This could be the iPhone 17 Pro horizontal camera bump, says reliable leaker","Long before the iPhone 16 launch, there were suggestions that it would have a side-by-side camera layout to better support spatial video across all three lenses. That of course didn’t happen, but a leaker with a decent track record now suggests this layout wi…",9to5Mac,https://9to5mac.com/2024/12/12/this-could-be-the-iphone-17-pro-horizontal-camera-bump-says-reliable-leaker/,Positive
Navigating The Evolution Of Supply Chains In A Dynamic World,Supply chain management is a dynamic industry marked by challenges and opportunities.,Forbes,https://www.forbes.com/councils/forbestechcouncil/2024/12/10/navigating-the-evolution-of-supply-chains-in-a-dynamic-world/,Positive
"‘Everyone except the blue collars’: Print shop employee hears that the suits upstairs all get $3500 bonuses for Christmas while warehouse workers get nothing, so he calls them out for their inequality","Some of us are relying on a Christmas bonus that'll never come... And the blue-collar employee in this next story is definitely one of us.
Companies always seem to be boasting of record profits and increased shareholder value, but when it comes to raises, th…",Cheezburger.com,https://cheezburger.com/38330629/everyone-except-the-blue-collars-print-shop-employee-hears-that-the-suits-upstairs-all-get-3500,Neutral
Nvidia's Blackwell chip could push the company into a new stratosphere as the AI revolution continues,"Nvidia's Blackwell chip has taken the world by storm. For that reason, Yahoo Finance has selected Blackwell as its 2024 Product of the Year.",Yahoo Entertainment,https://finance.yahoo.com/news/nvidias-blackwell-chip-could-push-the-company-into-a-new-stratosphere-as-the-ai-revolution-continues-110015637.html,Neutral
Big Changes Are Coming To Fast Food Chains In 2025,"Plenty of fast food chains have struggled this year, but that hasn't stopped their ambitions to make big changes in 2025. We take a look at what's cooking.",Mashed.com,https://www.mashed.com/1719310/big-changes-coming-fast-food-chains-2025/,Positive
"Boeing whistleblower claims ‘thousands’ of broken parts, including crucial steering tools, ended up on airplanes",Boeing denied the allegations and said it investigated quality investigator Sam Mohawk’s claims and found no evidence of missing defective parts on its...,Yahoo Entertainment,https://www.yahoo.com/news/boeing-whistleblower-claims-thousands-broken-022700454.html,Negative
The imported cars and SUVs most at risk of price hikes under Trump's tariff plan,President-elect Trump announced on Monday plans to levy 25% tariffs on goods from Canada and Mexico.,Business Insider,https://www.businessinsider.com/cars-made-in-mexico-canada-trump-tariff-price-hikes-2024-11,Neutral
"Nursing has become a new frontier for gig work, and it's creating the same issues that Uber drivers face","Nurses have started to use gig work apps to land shifts at healthcare facilities, a report found. Many are facing similar issues to Uber drivers.",Business Insider,https://www.businessinsider.com/uber-for-nursing-apps-show-issues-across-expanding-gig-economy-2024-12,Positive
Can digital resilience be achieved beyond the IT perimeter?,To meet the current and future needs for digital resilience organizations need to see their entire digital supply chain.,TechRadar,https://www.techradar.com/pro/can-digital-resilience-be-achieved-beyond-the-it-perimeter,Neutral
Former Nintendo Executive and ESA Co-Creator Don James Will Receive Lifetime Achievement Award at DICE Awards,"The Academy of Interactive Arts & Sciences (AIAS) has announced the recipient of this year's Lifetime Achievement Award. Don James, a former Nintendo of America executive and co-creator of the ESA, will receive the honor at the annual DICE Awards in February.",IGN,https://www.ign.com/articles/former-nintendo-executive-and-esa-co-creator-don-james-will-receive-lifetime-achievement-award-at-dice-awards,Neutral
Open source supply chain faces security issues,"The open source software supply chain shows signs of 'AppSec exhaustion,' with organizations showing diminished engagement in security practices and struggling to meet vulnerability management goals, according to a new report. The study from Snyk, based on a …",BetaNews,https://betanews.com/2024/12/02/open-source-supply-chain-faces-security-issues/,Positive
The iPhone 17 Pro may not have a redesigned camera after all,"There have already been quite a few leaks about the iPhone 17, but this latest contradicts many previous rumors about the phone's camera layout.",Digital Trends,https://www.digitaltrends.com/mobile/iphone-17-pro-may-not-have-a-redesigned-camera-after-all/,Positive
NZXT dismisses PC rental allegations as ‘misconceptions’ while promising changes,"After Gamers Nexus investigation, the company CEO acknowledged that NZXT ""messed up"" its Flex rental service.",Digital Trends,https://www.digitaltrends.com/computing/nzxt-flex-rental-service-response/,Neutral
World Beekeeping Awards axe honey prize due to fraud,A report found that 46% of sampled honey products had likely been bulked out with cheaper sugar syrups.,BBC News,https://www.bbc.com/news/articles/cjw0w921nzgo,Neutral
M5 iPad Pro rumored to arrive sometime in late 2025,"Apple's next update to the iPad Pro line with an M5 chip is quite a way from release, an analyst claims, with mass production of the tablet expected to happen in late 2025.13-inch iPad Pro, running on the M4 chipThe most recent iPad Pro release was in May 202…",AppleInsider,https://appleinsider.com/articles/24/12/04/m5-ipad-pro-rumored-to-arrive-sometime-in-late-2025,Positive
"iPhone 17 range will keep triangular camera system, claims leaker","A new leak claims that recent rumors of at least one iPhone 17 model switching to a horizontal row of cameras, are wrong.Close up on the iPhone's familiar camera triangleThe original rumor came from two sources that both claimed knowledge of a horizontal came…",AppleInsider,https://appleinsider.com/articles/24/12/18/iphone-17-range-will-keep-triangular-camera-system-claims-leaker,Positive
Tim Cook says Apple has invested over $18 billion in the UK since 2019,"As he visits Apple Stores in London, Tim Cook says the company is continuing to expand on its more than $18 billion investment in the country, and how it has doubled its engineering teams there.Tim Cook (left) has a pint with ""Slow Horses"" star Jack LowdenOn …",AppleInsider,https://appleinsider.com/articles/24/12/11/tim-cook-says-apple-has-invested-over-18-billion-in-the-uk-since-2019,Positive
"All four iPhone 17 models are again tipped to get 120Hz displays, and I couldn’t be happier","We'd previously heard that Apple could be going full 120Hz with the new iPhone lineup, and a new supply chain rumor seems to support this claim.",TechRadar,https://www.techradar.com/phones/iphone/all-four-iphone-17-models-are-again-tipped-to-get-a-crucial-display-upgrade-and-i-couldnt-be-happier,Positive
The World’s Airline Fleets Are Aging As As Supply Chain Stalls,"Around the world, airline fleets are aging due to supply chain woes. But Denver-based Frontier Airlines bucks the trend, operating the world’s youngest fleet.",Forbes,https://www.forbes.com/sites/tedreed/2024/12/13/the-worlds-airline-fleets-are-aging-as-as-supply-chain-stalls/,Negative
